{
  "version": 1,
  "author": "6255_Sujitha G",
  "editor": "wokwi",
  "parts": [
    { "type": "wokwi-esp32-devkit-v1", "id": "esp", "top": -90.67, "left": 66.67, "attrs": {} },
    { "type": "wokwi-hc-sr04", "id": "ultrasonic1", "top": -151.04, "left": 187.83, "attrs": {} }
  ],
  "connections": [
    [ "esp:TX0", "$serialMonitor:RX", "", [] ],
    [ "esp:RX0", "$serialMonitor:TX", "", [] ],
    [ "ultrasonic1:GND", "esp:GND.1", "black", [ "v0" ] ],
    [ "ultrasonic1:VCC", "esp:VIN", "red", [ "v174.97", "h-211.69", "v-50.18" ] ],
    [ "ultrasonic1:ECHO", "esp:D18", "green", [ "v0" ] ],
    [ "ultrasonic1:TRIG", "esp:D5", "green", [ "v0" ] ]
  ]
}